usuario1;usuario1@hotmail.com;1234
usuario2;usuario2@hotmail.com;4321
usuario3;usuario3@hotmail.com;7408
usuario4;usuario4@hotmail.com;10495
usuario5;usuario5@hotmail.com;13582
usuario6;usuario6@hotmail.com;16669
usuario7;usuario7@hotmail.com;19756
usuario8;usuario8@hotmail.com;22843
usuario9;usuario9@hotmail.com;25930
usuario10;usuario10@hotmail.com;29017
usuario11;usuario11@hotmail.com;32104
usuario12;usuario12@hotmail.com;35191
usuario13;usuario13@hotmail.com;38278
usuario14;usuario14@hotmail.com;41365
usuario15;usuario15@hotmail.com;44452
usuario16;usuario16@hotmail.com;47539
usuario17;usuario17@hotmail.com;50626
usuario18;usuario18@hotmail.com;53713
usuario19;usuario19@hotmail.com;56800
usuario20;usuario20@hotmail.com;59887
usuario21;usuario21@hotmail.com;62974
usuario22;usuario22@hotmail.com;66061
usuario23;usuario23@hotmail.com;69148
